{"stats":{"minecraft:crafted":{"minecraft:oak_planks":28,"minecraft:birch_wood":3,"minecraft:cooked_chicken":11,"minecraft:birch_boat":1,"minecraft:furnace":1,"naturalist:cooked_bass":2,"minecraft:cooked_mutton":6,"minecraft:cooked_rabbit":8,"minecraft:wheat":108,"minecraft:smoker":1,"minecraft:cooked_porkchop":10,"minecraft:crafting_table":2,"minecraft:wooden_pickaxe":1,"minecraft:iron_sword":1,"minecraft:birch_planks":28,"minecraft:bread":36,"minecraft:air":0,"minecraft:shield":1,"minecraft:stick":8,"minecraft:iron_ingot":1,"minecraft:iron_pickaxe":1,"minecraft:wooden_axe":1,"minecraft:white_bed":1,"minecraft:torch":12},"minecraft:dropped":{"minecraft:water_bucket":1,"minecraft:iron_sword":1,"minecraft:crafting_table":1,"minecraft:feather":4,"minecraft:cobblestone":6,"simplehats:teddy_bear":1,"botania:light_blue_mystical_flower":3,"botania:green_mystical_flower":1,"minecraft:brown_wool":3,"skilltree:gem":1,"minecraft:chicken":1,"minecraft:rotten_flesh":7,"minecraft:spruce_trapdoor":2,"botania:lime_mystical_flower":1,"chococraft:gysahl_green":40},"minecraft:used":{"minecraft:azalea":1,"minecraft:decorated_pot":1,"minecraft:iron_sword":57,"minecraft:bell":1,"minecraft:cooked_chicken":11,"minecraft:rotten_flesh":4,"minecraft:torch":6,"naturalist:cooked_bass":2,"minecraft:wooden_axe":26,"minecraft:horn_coral":2,"minecraft:hay_block":1,"minecraft:furnace":1,"tombstone:gift":3,"minecraft:egg":1,"minecraft:cooked_mutton":3,"minecraft:water_bucket":30,"epicfight:skillbook":3,"minecraft:birch_boat":1,"minecraft:wooden_pickaxe":11,"minecraft:green_bed":1,"minecraft:crafting_table":3,"minecraft:crossbow":1,"minecraft:white_bed":2,"minecraft:smoker":1,"minecraft:bread":8,"minecraft:iron_pickaxe":91,"minecraft:cooked_porkchop":2,"minecraft:bucket":31,"chococraft:gysahl_green":17,"minecraft:tropical_fish_bucket":1},"minecraft:custom":{"minecraft:mob_kills":23,"minecraft:interact_with_crafting_table":17,"minecraft:eat_cake_slice":5,"minecraft:leave_game":1,"minecraft:time_since_death":74794,"minecraft:climb_one_cm":1664,"minecraft:sprint_one_cm":606793,"minecraft:walk_one_cm":500741,"minecraft:drop":22,"minecraft:play_time":92811,"minecraft:deaths":1,"minecraft:sneak_time":382,"minecraft:walk_under_water_one_cm":49338,"minecraft:boat_one_cm":221665,"minecraft:jump":1153,"minecraft:walk_on_water_one_cm":34568,"minecraft:total_world_time":92811,"minecraft:interact_with_furnace":6,"minecraft:sleep_in_bed":5,"minecraft:time_since_rest":12468,"minecraft:damage_taken":1256,"minecraft:damage_dealt":3125,"minecraft:swim_one_cm":121419,"minecraft:fly_one_cm":384668,"minecraft:open_chest":30,"minecraft:crouch_one_cm":3886,"tombstone:undead_killed":12,"minecraft:interact_with_smoker":8,"minecraft:fall_one_cm":31047},"minecraft:killed":{"minecraft:skeleton":3,"minecraft:chicken":2,"naturalist:cardinal":2,"minecraft:pig":1,"minecraft:sheep":5,"minecraft:zombie":9},"minecraft:mined":{"minecraft:white_bed":1,"minecraft:grass_block":2,"minecraft:decorated_pot":2,"minecraft:moss_block":1,"minecraft:sandstone":1,"botania:light_gray_mystical_flower":1,"minecraft:sandstone_stairs":1,"minecraft:horn_coral":1,"minecraft:hay_block":13,"minecraft:furnace":1,"minecraft:iron_ore":3,"minecraft:chiseled_sandstone":1,"minecraft:andesite":5,"minecraft:azalea":1,"minecraft:stone":74,"botania:light_blue_mystical_flower":3,"minecraft:green_bed":2,"botania:green_mystical_flower":2,"minecraft:sandstone_slab":1,"botania:lime_mystical_flower":1,"quark:blue_corundum":1,"minecraft:smoker":1,"minecraft:crafting_table":1,"minecraft:dead_bush":1,"quark:blue_corundum_cluster":2,"minecraft:tall_grass":2,"minecraft:cobblestone":2,"minecraft:sugar_cane":1,"minecraft:oak_planks":2,"minecraft:seagrass":1,"minecraft:birch_log":8,"minecraft:grass":4,"minecraft:coal_ore":4,"minecraft:oak_log":17,"minecraft:gravel":4,"minecraft:dirt":9,"minecraft:cobweb":13},"minecraft:picked_up":{"minecraft:crafting_table":3,"chococraft:loverly_gysahl_green":4,"minecraft:sandstone_slab":1,"minecraft:chicken":1,"minecraft:enchanted_book":1,"minecraft:string":13,"minecraft:azalea":1,"minecraft:sugar_cane":2,"minecraft:spruce_trapdoor":2,"minecraft:egg":1,"minecraft:furnace":1,"minecraft:stick":3,"minecraft:raw_iron":3,"minecraft:sandstone":1,"minecraft:torch":1,"minecraft:green_bed":2,"epicfight:skillbook":2,"minecraft:porkchop":2,"tombstone:grave_dust":2,"minecraft:arrow":3,"minecraft:rotten_flesh":14,"botania:lime_mystical_flower":1,"botania:light_gray_mystical_flower":1,"minecraft:decorated_pot":1,"minecraft:hay_block":13,"minecraft:sandstone_stairs":1,"simplehats:teddy_bear":2,"botania:green_mystical_flower":1,"minecraft:mutton":6,"minecraft:white_wool":3,"minecraft:cobblestone":19,"minecraft:birch_log":8,"minecraft:feather":4,"minecraft:water_bucket":1,"minecraft:brown_wool":4,"minecraft:smoker":1,"minecraft:oak_log":17,"minecraft:horn_coral":5,"skilltree:gem":2,"minecraft:dirt":1,"tombstone:gift":1,"botania:light_blue_mystical_flower":3,"minecraft:bone":2,"chococraft:gysahl_green":97,"minecraft:bow":1,"minecraft:bell":1,"minecraft:iron_ingot":5,"minecraft:iron_sword":1,"minecraft:oak_planks":2,"minecraft:cooked_porkchop":2,"minecraft:white_bed":1,"minecraft:chiseled_sandstone":1,"quark:blue_corundum_cluster":5,"minecraft:emerald":5,"minecraft:bread":2,"minecraft:coal":7}},"DataVersion":3465}