{"stats":{"minecraft:crafted":{"minecraft:furnace":3,"minecraft:cooked_mutton":3,"quark:dark_oak_chest":1,"minecraft:iron_boots":1,"minecraft:stone_pickaxe":1,"minecraft:dark_oak_planks":36,"sophisticatedbackpacks:backpack":1,"minecraft:cooked_porkchop":4,"minecraft:crafting_table":6,"minecraft:wooden_pickaxe":1,"minecraft:iron_helmet":1,"minecraft:birch_planks":20,"minecraft:bread":4,"minecraft:air":0,"minecraft:iron_chestplate":1,"minecraft:stick":12,"minecraft:iron_ingot":22,"minecraft:wooden_axe":1,"minecraft:stone_sword":2,"minecraft:iron_leggings":1},"minecraft:dropped":{"minecraft:bread":2,"minecraft:brown_mushroom":1,"minecraft:wheat_seeds":3,"minecraft:cooked_beef":1,"minecraft:mossy_cobblestone":4,"minecraft:cooked_porkchop":2,"minecraft:feather":2,"minecraft:leather":1,"simplehats:teddy_bear":1,"minecraft:stick":4,"tombstone:magic_scroll":1,"minecraft:wooden_axe":3,"minecraft:brown_wool":1,"minecraft:tube_coral":3,"minecraft:dark_oak_planks":8,"minecraft:string":2,"simplehats:lightning_eyes":1,"minecraft:rotten_flesh":2,"minecraft:andesite":2,"minecraft:spider_eye":5,"chococraft:gysahl_green":31,"epicfight:skillbook":2},"minecraft:broken":{"minecraft:stone_sword":1},"minecraft:used":{"minecraft:stone_sword":137,"minecraft:decorated_pot":1,"minecraft:iron_chestplate":1,"minecraft:mutton":1,"minecraft:carrot":4,"minecraft:wooden_axe":33,"minecraft:dark_oak_planks":1,"minecraft:iron_boots":1,"minecraft:sweet_berries":7,"minecraft:furnace":5,"tombstone:gift":3,"minecraft:cooked_beef":1,"minecraft:cooked_mutton":3,"epicfight:skillbook":12,"minecraft:stone_pickaxe":31,"minecraft:baked_potato":1,"minecraft:wooden_pickaxe":5,"minecraft:white_wool":2,"minecraft:sand":1,"minecraft:crafting_table":9,"minecraft:red_bed":1,"minecraft:crossbow":9,"minecraft:apple":15,"minecraft:bread":20,"minecraft:iron_pickaxe":94,"tombstone:magic_scroll":4,"minecraft:cobblestone":50,"minecraft:cooked_porkchop":2,"minecraft:birch_log":2,"chococraft:gysahl_green":38},"minecraft:custom":{"minecraft:mob_kills":46,"minecraft:interact_with_crafting_table":25,"minecraft:open_barrel":11,"minecraft:leave_game":1,"minecraft:time_since_death":56540,"minecraft:climb_one_cm":2523,"minecraft:sprint_one_cm":702134,"minecraft:walk_one_cm":377843,"minecraft:drop":35,"minecraft:damage_dealt_absorbed":52,"minecraft:play_time":103365,"minecraft:deaths":2,"minecraft:sneak_time":1258,"minecraft:walk_under_water_one_cm":28064,"minecraft:jump":2216,"minecraft:interact_with_blast_furnace":1,"minecraft:walk_on_water_one_cm":43422,"minecraft:total_world_time":103365,"minecraft:interact_with_furnace":24,"tombstone:raider_killed":2,"minecraft:sleep_in_bed":1,"minecraft:time_since_rest":12481,"minecraft:damage_taken":2367,"minecraft:damage_dealt":7219,"tombstone:cast_on_ally":1,"minecraft:swim_one_cm":240834,"minecraft:fly_one_cm":788443,"minecraft:open_chest":24,"minecraft:crouch_one_cm":6756,"tombstone:undead_killed":20,"minecraft:interact_with_smoker":2,"minecraft:fall_one_cm":65065},"minecraft:killed_by":{"minecraft:skeleton":1,"naturalist:hippo":1},"minecraft:killed":{"minecraft:cave_spider":1,"mca:male_zombie_villager":1,"minecraft:spider":4,"minecraft:skeleton":4,"minecraft:chicken":1,"naturalist:bass":3,"minecraft:drowned":1,"naturalist:cardinal":1,"minecraft:pig":2,"naturalist:snake":1,"minecraft:creeper":2,"minecraft:sheep":4,"naturalist:hippo":1,"minecraft:pillager":2,"minecraft:zombie":14,"minecraft:cow":4},"minecraft:mined":{"minecraft:mossy_cobblestone":2,"minecraft:grass_block":3,"minecraft:decorated_pot":3,"minecraft:red_mushroom":1,"minecraft:spawner":1,"minecraft:furnace":3,"minecraft:iron_ore":22,"minecraft:andesite":2,"chococraft:gysahl_green":24,"minecraft:stone":47,"minecraft:red_bed":2,"minecraft:crafting_table":3,"minecraft:dead_bush":1,"minecraft:tall_grass":6,"minecraft:cobblestone":3,"minecraft:lapis_ore":1,"minecraft:birch_log":21,"minecraft:birch_leaves":2,"minecraft:grass":42,"minecraft:coal_ore":22,"minecraft:gravel":1,"minecraft:sand":1,"minecraft:dirt":1,"minecraft:cobweb":7,"minecraft:suspicious_gravel":1},"minecraft:picked_up":{"minecraft:wooden_axe":3,"simplehats:babydolphin":1,"chococraft:loverly_gysahl_green":4,"minecraft:crafting_table":3,"minecraft:chicken":1,"simplehats:hatbag_rare":4,"minecraft:mourner_pottery_sherd":1,"minecraft:brown_mushroom":1,"minecraft:string":13,"minecraft:red_bed":2,"minecraft:beef":7,"minecraft:furnace":3,"minecraft:stick":3,"minecraft:raw_iron":22,"simplehats:bucket":1,"simplehats:hatbag_common":2,"epicfight:skillbook":4,"simplehats:lightning_eyes":1,"minecraft:porkchop":4,"minecraft:skull_pottery_sherd":1,"tombstone:grave_dust":3,"minecraft:dark_oak_planks":30,"minecraft:arrow":9,"minecraft:rotten_flesh":16,"botania:lime_mystical_flower":1,"minecraft:decorated_pot":3,"simplehats:swimmer":1,"simplehats:teddy_bear":1,"simplehats:paypay":1,"botania:green_mystical_flower":1,"minecraft:mutton":6,"minecraft:white_wool":5,"minecraft:cobblestone":82,"minecraft:birch_log":23,"minecraft:feather":2,"minecraft:cooked_beef":1,"minecraft:andesite":2,"minecraft:brown_wool":1,"minecraft:leather":7,"minecraft:red_mushroom":1,"minecraft:lapis_lazuli":5,"skilltree:gem":10,"minecraft:dirt":4,"simplehats:hatbag_epic":1,"naturalist:bass":3,"minecraft:bone":4,"chococraft:gysahl_green":69,"chococraft:gold_gysahl":1,"minecraft:wheat_seeds":4,"simplehats:dragonhead":1,"simplehats:camera":1,"simplehats:hatbag_uncommon":1,"simplehats:stress":1,"minecraft:sweet_berries":4,"minecraft:dandelion":1,"minecraft:sand":1,"minecraft:prize_pottery_sherd":1,"chococraft:gysahl_green_seeds":23,"naturalist:cooked_bass":1,"minecraft:dark_oak_log":9,"minecraft:spider_eye":5,"minecraft:mossy_cobblestone":5,"minecraft:bundle":1,"minecraft:miner_pottery_sherd":1,"tombstone:magic_scroll":2,"minecraft:coal":22}},"DataVersion":3465}